{"identifier":"com.suborbital.app","specVersion":1,"tenantVersion":14,"defaultNamespace":{"name":"default","workflows":[{"name":"fetch","steps":[{"executableMod":{"fqmn":"fqmn://com.suborbital.app/default/modify-url@58180fd1f73bcc2bc2fde2362aa9d1812fba2fb748873b822968cb814f8c0811"},"ForEach":null},{"executableMod":{"fqmn":"fqmn://com.suborbital.app/default/fetch-test@c9e87753cb0ab59ae8e38c853ea4e4a5802c221fa64bd702db14aa2467279aee","with":{"url":"modify-url"}},"ForEach":null}],"triggers":null}],"capabilities":{"logger":{"enabled":true},"http":{"enabled":true,"rules":{"allowedDomains":[],"blockedDomains":[],"allowedPorts":null,"blockedPorts":null,"allowIPs":true,"allowPrivate":true,"allowHTTP":true}},"graphql":{"enabled":true,"rules":{"allowedDomains":[],"blockedDomains":[],"allowedPorts":null,"blockedPorts":null,"allowIPs":true,"allowPrivate":true,"allowHTTP":true}},"auth":{"enabled":true,"headers":null},"cache":{"enabled":true,"rules":{"allowSet":true,"allowGet":true,"allowDelete":true}},"file":{"enabled":true},"db":{"enabled":false,"dbType":"","connectionString":"","queries":null},"requestHandler":{"enabled":true,"allowGetField":true,"allowSetField":true},"secrets":{"enabled":true}},"modules":null},"namespaces":[],"modules":[{"name":"as-graphql","namespace":"default","lang":"assemblyscript","ref":"b2bef54d2b2077909e98c137569436aff965c2a5d24f7168c9b4878eb1bb5e54","apiVersion":"0.10.0","fqmn":"fqmn://com.suborbital.app/default/as-graphql@b2bef54d2b2077909e98c137569436aff965c2a5d24f7168c9b4878eb1bb5e54","revisions":[{"ref":"b2bef54d2b2077909e98c137569436aff965c2a5d24f7168c9b4878eb1bb5e54"}]},{"name":"cache-get","namespace":"default","lang":"rust","ref":"2ec8f23e1655e43e063876a5bd07e7888d25e6069fc3386688d7bad50f668e6f","apiVersion":"0.12.0","fqmn":"fqmn://com.suborbital.app/default/cache-get@2ec8f23e1655e43e063876a5bd07e7888d25e6069fc3386688d7bad50f668e6f","revisions":[{"ref":"2ec8f23e1655e43e063876a5bd07e7888d25e6069fc3386688d7bad50f668e6f"}]},{"name":"cache-set","namespace":"default","lang":"rust","ref":"4697d54dcef7d803588f9c4f718b51717dc86bdefee3485177b0a03491937a5f","apiVersion":"0.12.0","fqmn":"fqmn://com.suborbital.app/default/cache-set@4697d54dcef7d803588f9c4f718b51717dc86bdefee3485177b0a03491937a5f","revisions":[{"ref":"4697d54dcef7d803588f9c4f718b51717dc86bdefee3485177b0a03491937a5f"}]},{"name":"fetch-test","namespace":"default","lang":"rust","ref":"c9e87753cb0ab59ae8e38c853ea4e4a5802c221fa64bd702db14aa2467279aee","apiVersion":"0.0.1","fqmn":"fqmn://com.suborbital.app/default/fetch-test@c9e87753cb0ab59ae8e38c853ea4e4a5802c221fa64bd702db14aa2467279aee","revisions":[{"ref":"c9e87753cb0ab59ae8e38c853ea4e4a5802c221fa64bd702db14aa2467279aee"}]},{"name":"get-file","namespace":"default","lang":"rust","ref":"93cc63aec2212d3823c9a8c3593246c731cf405cded6fe7fad70ed8af5914c6e","apiVersion":"0.6.0","fqmn":"fqmn://com.suborbital.app/default/get-file@93cc63aec2212d3823c9a8c3593246c731cf405cded6fe7fad70ed8af5914c6e","revisions":[{"ref":"93cc63aec2212d3823c9a8c3593246c731cf405cded6fe7fad70ed8af5914c6e"}]},{"name":"helloworld-rs","namespace":"default","lang":"rust","ref":"6d761e8e1c815f1eda41ff5aee93480fa53cc3300d838b539519b8e29921f8fd","apiVersion":"0.12.0","fqmn":"fqmn://com.suborbital.app/default/helloworld-rs@6d761e8e1c815f1eda41ff5aee93480fa53cc3300d838b539519b8e29921f8fd","revisions":[{"ref":"6d761e8e1c815f1eda41ff5aee93480fa53cc3300d838b539519b8e29921f8fd"}]},{"name":"log-it","namespace":"default","lang":"rust","ref":"b0afd9ef822eb6c4e56d7a10e057a8391ad04cf7838825ef2e57f49e9432f15d","apiVersion":"0.6.3","fqmn":"fqmn://com.suborbital.app/default/log-it@b0afd9ef822eb6c4e56d7a10e057a8391ad04cf7838825ef2e57f49e9432f15d","revisions":[{"ref":"b0afd9ef822eb6c4e56d7a10e057a8391ad04cf7838825ef2e57f49e9432f15d"}]},{"name":"modify-url","namespace":"default","lang":"rust","ref":"58180fd1f73bcc2bc2fde2362aa9d1812fba2fb748873b822968cb814f8c0811","apiVersion":"0.12.0","fqmn":"fqmn://com.suborbital.app/default/modify-url@58180fd1f73bcc2bc2fde2362aa9d1812fba2fb748873b822968cb814f8c0811","revisions":[{"ref":"58180fd1f73bcc2bc2fde2362aa9d1812fba2fb748873b822968cb814f8c0811"}]},{"name":"return-err","namespace":"default","lang":"rust","ref":"0898c63d50633e0274a8252d96ff446ea62f18b8f246c8660f522adb3e46c3f3","apiVersion":"0.6.3","fqmn":"fqmn://com.suborbital.app/default/return-err@0898c63d50633e0274a8252d96ff446ea62f18b8f246c8660f522adb3e46c3f3","revisions":[{"ref":"0898c63d50633e0274a8252d96ff446ea62f18b8f246c8660f522adb3e46c3f3"}]},{"name":"rs-dbtest","namespace":"default","lang":"rust","ref":"d0d26e65789280526ad24f6a7a9b0528896e42fbef273179f59b25e2746fd897","apiVersion":"0.12.0","fqmn":"fqmn://com.suborbital.app/default/rs-dbtest@d0d26e65789280526ad24f6a7a9b0528896e42fbef273179f59b25e2746fd897","revisions":[{"ref":"d0d26e65789280526ad24f6a7a9b0528896e42fbef273179f59b25e2746fd897"}]},{"name":"set-array","namespace":"default","lang":"rust","ref":"cdf76626f848351b28f78ec4f0faf497179e6062737f939fa93a068975be627b","apiVersion":"0.8.0","fqmn":"fqmn://com.suborbital.app/default/set-array@cdf76626f848351b28f78ec4f0faf497179e6062737f939fa93a068975be627b","revisions":[{"ref":"cdf76626f848351b28f78ec4f0faf497179e6062737f939fa93a068975be627b"}]}]}