{"identifier":"com.suborbital.app","specVersion":1,"tenantVersion":16,"defaultNamespace":{"name":"default","capabilities":{"logger":{"enabled":true},"http":{"enabled":true,"rules":{"allowedDomains":[],"blockedDomains":[],"allowedPorts":null,"blockedPorts":null,"allowIPs":true,"allowPrivate":true,"allowHTTP":true}},"graphql":{"enabled":true,"rules":{"allowedDomains":[],"blockedDomains":[],"allowedPorts":null,"blockedPorts":null,"allowIPs":true,"allowPrivate":true,"allowHTTP":true}},"auth":{"enabled":true,"headers":null},"cache":{"enabled":true,"rules":{"allowSet":true,"allowGet":true,"allowDelete":true}},"file":{"enabled":true},"db":{"enabled":false,"dbType":"","connectionString":"","queries":null},"requestHandler":{"enabled":true,"allowGetField":true,"allowSetField":true},"secrets":{"enabled":true}},"modules":null},"namespaces":[],"modules":[{"name":"fetch-test","namespace":"default","lang":"rust","ref":"e47851f7b199e96271837b9dacde5885ee6296476598803cde16603a41fe1b35","apiVersion":"0.0.1","fqmn":"fqmn://com.suborbital.app/default/fetch-test@e47851f7b199e96271837b9dacde5885ee6296476598803cde16603a41fe1b35","revisions":[{"ref":"e47851f7b199e96271837b9dacde5885ee6296476598803cde16603a41fe1b35"}]},{"name":"helloworld-rs","namespace":"default","lang":"rust","ref":"8485363a9af05b7fccacda31e4553bd06b1e7e4fac875b189cbbd81dcf3f4c9c","apiVersion":"0.12.0","fqmn":"fqmn://com.suborbital.app/default/helloworld-rs@8485363a9af05b7fccacda31e4553bd06b1e7e4fac875b189cbbd81dcf3f4c9c","revisions":[{"ref":"8485363a9af05b7fccacda31e4553bd06b1e7e4fac875b189cbbd81dcf3f4c9c"}]},{"name":"log-it","namespace":"default","lang":"rust","ref":"b867118734acbac0d80d48e0f68ad0826240799eb7ea7045789c9e9c84f20fca","apiVersion":"0.6.3","fqmn":"fqmn://com.suborbital.app/default/log-it@b867118734acbac0d80d48e0f68ad0826240799eb7ea7045789c9e9c84f20fca","revisions":[{"ref":"b867118734acbac0d80d48e0f68ad0826240799eb7ea7045789c9e9c84f20fca"}]},{"name":"return-err","namespace":"default","lang":"rust","ref":"07bbabf3d8efe7db5bee8787823c182d11d629d2d4bd691e8e3ad68f2755bf35","apiVersion":"0.6.3","fqmn":"fqmn://com.suborbital.app/default/return-err@07bbabf3d8efe7db5bee8787823c182d11d629d2d4bd691e8e3ad68f2755bf35","revisions":[{"ref":"07bbabf3d8efe7db5bee8787823c182d11d629d2d4bd691e8e3ad68f2755bf35"}]}]}